Diogenes food code,Country food code,Foodname,English translation,Diogenes food group,CHO (g/100g),GI value,GL,GI confidence level,Source of the data on GI (1),Source of the data on GI (2),Comment
31563,N/A,queso en porciones,portioned cheese,30.3,3.8,34,1,3,2,,based on full fat milk
31564,N/A,queso en lonchas,cheese slices,30.3,3.8,34,1,3,2,,based on full fat milk
31565,N/A,borraja,borage,15.1,3.5,45,2,4,1,,vegetables of low GI
30005,N/A,mortadela,bologna,24.3,3.0,70,2,5,,,
30006,N/A,salchichon,salami,24.3,0.5,70,0,5,,,
30008,N/A,eko,solubles cereals,20.2,87.4,36,31,3,1,,based on Milo
30010,N/A,caracoles con tomate,Snails with tomato sauce,25.2,4.0,45,2,4,1,,vegetables of low GI
30012,N/A,cuajada,cuajada,31.2,6.7,34,2,3,1,,based on whole milk
30015,N/A,lomo iberico,"Cured pork shoulder, slices",24.3,0.3,70,0,5,1,,
30130,N/A,relleno de arroz,Stuffed rice,6.1,3.2,64,2,3,3,,Based on Black pudding. dry-fried
32501,N/A,brotes de soja,soy buds,14.1,4.6,44,2,3,1,,based on soy milk
38286,N/A,chorizo pamplona,garlic sausage,24.3,6.1,45,3,4,1,,
,,,,,,,,,,,
,,,,,,,,,,,
,,,,,,,,,,,
,,,,,,,,,,,
